{
  "type": "FeatureCollection",
  "features": [
    {
      "type": "Feature",
      "properties": {
        "type": "building_envelope",
        "name": "Nha co ong Tran Van Ho - So 1 (TVH)",
        "base_height": 0,
        "height": 6.15,
        "height_source": "annotation elevation markers +6.000/+6.300 (envelope-only estimate, see NOTES.md)",
        "georeference_status": "PLACEHOLDER - approximate street-level anchor, not surveyed"
      },
      "geometry": {
        "type": "Polygon",
        "coordinates": [
          [
            [
              106.64923566141799,
              10.981872156217165
            ],
            [
              106.64936514355932,
              10.981872156217165
            ],
            [
              106.64936560109338,
              10.981872156217165
            ],
            [
              106.64936560109338,
              10.981730672207103
            ],
            [
              106.64936560109338,
              10.981725282340054
            ],
            [
              106.6493299825029,
              10.981725282340054
            ],
            [
              106.64931991675341,
              10.981725282340054
            ],
            [
              106.64930419272828,
              10.981725282340054
            ],
            [
              106.64929604304662,
              10.981725282340054
            ],
            [
              106.64928140336883,
              10.981725282340054
            ],
            [
              106.64927133761933,
              10.981725282340054
            ],
            [
              106.64923566141799,
              10.981725282340054
            ],
            [
              106.64923566141799,
              10.981871707061577
            ],
            [
              106.64923566141799,
              10.981872156217165
            ]
          ]
        ]
      }
    },
    {
      "type": "Feature",
      "properties": {
        "type": "room",
        "name": "Gian thờ",
        "area_m2": 50.87
      },
      "geometry": {
        "type": "Polygon",
        "coordinates": [
          [
            [
              106.64934535790387,
              10.98179220652259
            ],
            [
              106.64934581543794,
              10.98179220652259
            ],
            [
              106.64934581543794,
              10.981792655678177
            ],
            [
              106.64934581543794,
              10.981792745509296
            ],
            [
              106.64934567817772,
              10.981792745509296
            ],
            [
              106.64934567817772,
              10.981793104833766
            ],
            [
              106.64934535790387,
              10.981793104833766
            ],
            [
              106.64933769152042,
              10.981793104833766
            ],
            [
              106.64933769152042,
              10.981793553989354
            ],
            [
              106.64934567743245,
              10.981793553989354
            ],
            [
              106.64934954732786,
              10.981793553989354
            ],
            [
              106.64934975058796,
              10.981793355980617
            ],
            [
              106.64935027021599,
              10.98179284977753
            ],
            [
              106.64935052803885,
              10.981793104833766
            ],
            [
              106.64935052803885,
              10.981792745509296
            ],
            [
              106.64935039077862,
              10.981792745509296
            ],
            [
              106.64935039077862,
              10.981792655678177
            ],
            [
              106.64935039077862,
              10.98179220652259
            ],
            [
              106.6493508483127,
              10.98179220652259
            ],
            [
              106.64935690794869,
              10.98179220652259
            ],
            [
              106.64935690794869,
              10.98179175736745
            ],
            [
              106.64935873808496,
              10.98179175736745
            ],
            [
              106.64935873808496,
              10.98179220652259
            ],
            [
              106.64936331342304,
              10.98179220652259
            ],
            [
              106.64936331342304,
              10.98178574305998
            ],
            [
              106.64936331342304,
              10.98178542865107
            ],
            [
              106.64936311958623,
              10.981785425175072
            ],
            [
              106.64936292600807,
              10.981785414751721
            ],
            [
              106.64936273294681,
              10.981785397394923
            ],
            [
              106.6493625406601,
              10.981785373127835
            ],
            [
              106.6493623494045,
              10.981785341982839
            ],
            [
              106.64936215943517,
              10.981785304001491
            ],
            [
              106.64936197100562,
              10.98178525923447
            ],
            [
              106.64936178436727,
              10.981785207741511
            ],
            [
              106.64936159976914,
              10.981785149591317
            ],
            [
              106.64936141745754,
              10.981785084861482
            ],
            [
              106.64936123767573,
              10.981785013638373
            ],
            [
              106.6493610606636,
              10.981784936017021
            ],
            [
              106.64936088665733,
              10.981784852101
            ],
            [
              106.64936071588912,
              10.98178476200228
            ],
            [
              106.64936054858678,
              10.981784665841078
            ],
            [
              106.64936038497359,
              10.981784563745702
            ],
            [
              106.64936022526783,
              10.981784455852377
            ],
            [
              106.64936006968261,
              10.981784342305069
            ],
            [
              106.64935991842552,
              10.981784223255284
            ],
            [
              106.64935977169839,
              10.981784098861867
            ],
            [
              106.649359629697,
              10.9817839692908
            ],
            [
              106.64935949261081,
              10.98178383471497
            ],
            [
              106.64935936062274,
              10.981783695313938
            ],
            [
              106.64935923390891,
              10.981783551273711
            ],
            [
              106.64935911263838,
              10.981783402786483
            ],
            [
              106.64935899697298,
              10.981783250050379
            ],
            [
              106.64935888706704,
              10.981783093269195
            ],
            [
              106.64935878306719,
              10.981782932652125
            ],
            [
              106.6493586851122,
              10.981782768413481
            ],
            [
              106.64935859333279,
              10.981782600772409
            ],
            [
              106.64935850785142,
              10.981782429952592
            ],
            [
              106.64935842878214,
              10.981782256181953
            ],
            [
              106.64935835623044,
              10.981782079692357
            ],
            [
              106.64935829029314,
              10.981781900719294
            ],
            [
              106.64935823105822,
              10.98178171950157
            ],
            [
              106.64935817860471,
              10.981781536280982
            ],
            [
              106.64935813300262,
              10.981781351302002
            ],
            [
              106.64935809431277,
              10.98178116481145
            ],
            [
              106.64935806258681,
              10.98178097705816
            ],
            [
              106.64935803786705,
              10.981780788292651
            ],
            [
              106.64935802018647,
              10.981780598766795
            ],
            [
              106.64935801901335,
              10.981780577770724
            ],
            [
              106.64935800956869,
              10.981780408733474
            ],
            [
              106.64935800602785,
              10.981780218446255
            ],
            [
              106.64936331342304,
              10.981780218446255
            ],
            [
              106.64936331342304,
              10.981779904037344
            ],
            [
              106.64936331342304,
              10.981771545365566
            ],
            [
              106.64935873808496,
              10.981771545365566
            ],
            [
              106.64935873808496,
              10.981771994521601
            ],
            [
              106.64935690794869,
              10.981771994521601
            ],
            [
              106.64935690794869,
              10.981771545365566
            ],
            [
              106.64935093074867,
              10.981771545365566
            ],
            [
              106.64935093074867,
              10.981770647054391
            ],
            [
              106.64935690794869,
              10.981770647054391
            ],
            [
              106.64935690794869,
              10.98177019789925
            ],
            [
              106.64935873808496,
              10.98177019789925
            ],
            [
              106.64935873808496,
              10.981770647054391
            ],
            [
              106.64936331342304,
              10.981770647054391
            ],
            [
              106.64936331342304,
              10.981770197898802
            ],
            [
              106.64923794908833,
              10.981770197898802
            ],
            [
              106.64923794908833,
              10.981770647054391
            ],
            [
              106.64924252443161,
              10.981770647054391
            ],
            [
              106.64924252443161,
              10.98177019789925
            ],
            [
              106.64924435456788,
              10.98177019789925
            ],
            [
              106.64924435456788,
              10.981770647054391
            ],
            [
              106.6492503317627,
              10.981770647054391
            ],
            [
              106.6492503317627,
              10.981771545365566
            ],
            [
              106.64924435456788,
              10.981771545365566
            ],
            [
              106.64924435456788,
              10.981771994521601
            ],
            [
              106.64924252443161,
              10.981771994521601
            ],
            [
              106.64924252443161,
              10.981771545365566
            ],
            [
              106.64923794908833,
              10.981771545365566
            ],
            [
              106.64923794908833,
              10.981776935232615
            ],
            [
              106.64923794908833,
              10.981786816655541
            ],
            [
              106.64923794908833,
              10.98179220652259
            ],
            [
              106.64924252443161,
              10.98179220652259
            ],
            [
              106.64924252443161,
              10.98179175736745
            ],
            [
              106.64924435456788,
              10.98179175736745
            ],
            [
              106.64924435456788,
              10.98179220652259
            ],
            [
              106.64924982478387,
              10.98179220652259
            ],
            [
              106.64925028231792,
              10.98179220652259
            ],
            [
              106.64925028231792,
              10.981792655678177
            ],
            [
              106.64925028231792,
              10.981792745509296
            ],
            [
              106.6492501450577,
              10.981792745509296
            ],
            [
              106.6492501450577,
              10.981793104833766
            ],
            [
              106.64925040288057,
              10.98179284977753
            ],
            [
              106.6492509225086,
              10.981793355980617
            ],
            [
              106.6492511257687,
              10.981793553989354
            ],
            [
              106.64925499501372,
              10.981793553989354
            ],
            [
              106.64926357099615,
              10.981793553989354
            ],
            [
              106.64926357099615,
              10.981813316835202
            ],
            [
              106.64926402853023,
              10.981813316835202
            ],
            [
              106.64926402853023,
              10.9817935539898
            ],
            [
              106.64926357099876,
              10.9817935539898
            ],
            [
              106.64926357099876,
              10.981793104833766
            ],
            [
              106.64925531519268,
              10.981793104833766
            ],
            [
              106.64925499491883,
              10.981793104833766
            ],
            [
              106.64925499491883,
              10.981792745509296
            ],
            [
              106.6492548576586,
              10.981792745509296
            ],
            [
              106.6492548576586,
              10.981792655678177
            ],
            [
              106.6492548576586,
              10.98179220652259
            ],
            [
              106.64925531519268,
              10.98179220652259
            ],
            [
              106.64926357099876,
              10.98179220652259
            ],
            [
              106.64926357099876,
              10.98179175736745
            ],
            [
              106.64926540113503,
              10.98179175736745
            ],
            [
              106.64926540113503,
              10.9817935539898
            ],
            [
              106.64926494359835,
              10.9817935539898
            ],
            [
              106.64926494359835,
              10.981813316835202
            ],
            [
              106.64933631891302,
              10.981813316835202
            ],
            [
              106.64933631891302,
              10.981793553990247
            ],
            [
              106.64933586138415,
              10.981793553990247
            ],
            [
              106.64933586138415,
              10.981791757367898
            ],
            [
              106.64933769152042,
              10.981791757367898
            ],
            [
              106.64933769152042,
              10.98179220652259
            ],
            [
              106.64934535790387,
              10.98179220652259
            ]
          ]
        ]
      }
    },
    {
      "type": "Feature",
      "properties": {
        "type": "room",
        "name": "Sinh hoạt gia đình",
        "area_m2": 76.47
      },
      "geometry": {
        "type": "Polygon",
        "coordinates": [
          [
            [
              106.64934676272676,
              10.98179626664837
            ],
            [
              106.6493467153229,
              10.981796210842601
            ],
            [
              106.64934666498515,
              10.981796149519766
            ],
            [
              106.64934661574524,
              10.981796087343845
            ],
            [
              106.6493465676182,
              10.981796024333773
            ],
            [
              106.64934652061868,
              10.981795960508748
            ],
            [
              106.64934647476099,
              10.98179589588821
            ],
            [
              106.64934643005911,
              10.981795830491842
            ],
            [
              106.64934638652664,
              10.981795764339564
            ],
            [
              106.64934634417688,
              10.98179569745153
            ],
            [
              106.64934630302268,
              10.981795629848111
            ],
            [
              106.64934626307661,
              10.981795561549903
            ],
            [
              106.64934622435082,
              10.981795492577707
            ],
            [
              106.64934618685712,
              10.981795422952535
            ],
            [
              106.64934615060692,
              10.981795352695594
            ],
            [
              106.64934611561127,
              10.981795281828285
            ],
            [
              106.64934608188082,
              10.981795210372196
            ],
            [
              106.64934604942586,
              10.981795138349094
            ],
            [
              106.64934601825625,
              10.981795065780915
            ],
            [
              106.64934598838151,
              10.981794992689766
            ],
            [
              106.64934595981074,
              10.981794919097911
            ],
            [
              106.64934593255263,
              10.981794845027766
            ],
            [
              106.6493459066155,
              10.981794770501896
            ],
            [
              106.64934588200721,
              10.981794695542998
            ],
            [
              106.6493458587353,
              10.98179462017391
            ],
            [
              106.64934583680684,
              10.981794544417586
            ],
            [
              106.64934581622852,
              10.981794468297103
            ],
            [
              106.64934579700659,
              10.98179439183565
            ],
            [
              106.64934577914693,
              10.981794315056517
            ],
            [
              106.64934576265496,
              10.981794237983092
            ],
            [
              106.6493457475357,
              10.98179416063885
            ],
            [
              106.64934573379378,
              10.981794083047355
            ],
            [
              106.64934572143336,
              10.981794005232238
            ],
            [
              106.64934571045823,
              10.981793927217206
            ],
            [
              106.64934570087172,
              10.981793849026019
            ],
            [
              106.64934569267673,
              10.981793770682497
            ],
            [
              106.6493456858758,
              10.981793692210505
            ],
            [
              106.64934568047096,
              10.981793613633945
            ],
            [
              106.64934567743245,
              10.981793553989354
            ],
            [
              106.64933769152042,
              10.981793553989354
            ],
            [
              106.64933769152042,
              10.981793553990247
            ],
            [
              106.64933769151521,
              10.981793553990247
            ],
            [
              106.64933769151521,
              10.981813316835202
            ],
            [
              106.64933769151521,
              10.981813316836098
            ],
            [
              106.64933769152042,
              10.981813316836098
            ],
            [
              106.64933769152042,
              10.981815113458447
            ],
            [
              106.64933769151521,
              10.981815113458447
            ],
            [
              106.64933769151521,
              10.981834876304298
            ],
            [
              106.64933769152042,
              10.981834876304298
            ],
            [
              106.64933769152042,
              10.981836672926647
            ],
            [
              106.64933586138415,
              10.981836672926647
            ],
            [
              106.64933586138415,
              10.981836672925752
            ],
            [
              106.64931389974626,
              10.981836672925752
            ],
            [
              106.64931389974626,
              10.9818366729262
            ],
            [
              106.64931206960999,
              10.9818366729262
            ],
            [
              106.64931206960999,
              10.981836672925752
            ],
            [
              106.64928919290658,
              10.981836672925752
            ],
            [
              106.64928919290658,
              10.9818366729262
            ],
            [
              106.64928736277031,
              10.9818366729262
            ],
            [
              106.64928736277031,
              10.981836672925752
            ],
            [
              106.64926540113503,
              10.981836672925752
            ],
            [
              106.64926540113503,
              10.9818366729262
            ],
            [
              106.64926357099876,
              10.9818366729262
            ],
            [
              106.64926357099876,
              10.981836672925752
            ],
            [
              106.64926357099615,
              10.981836672925752
            ],
            [
              106.64926357099615,
              10.981813316835202
            ],
            [
              106.64926357099615,
              10.981793553989354
            ],
            [
              106.64925499501372,
              10.981793553989354
            ],
            [
              106.64925498854556,
              10.981793674716418
            ],
            [
              106.64925497190077,
              10.981793851870618
            ],
            [
              106.64925494815556,
              10.981794028243039
            ],
            [
              106.64925491734681,
              10.981794203559529
            ],
            [
              106.64925487952243,
              10.981794377547573
            ],
            [
              106.6492548347412,
              10.981794549936724
            ],
            [
              106.64925478307272,
              10.981794720459021
            ],
            [
              106.64925472459733,
              10.981794888849402
            ],
            [
              106.64925465940591,
              10.981795054846119
            ],
            [
              106.6492545875998,
              10.981795218191149
            ],
            [
              106.6492545092906,
              10.981795378630585
            ],
            [
              106.64925442460006,
              10.981795535915039
            ],
            [
              106.6492543336598,
              10.98179568980003
            ],
            [
              106.64925423661117,
              10.981795840046358
            ],
            [
              106.64925413360506,
              10.981795986420478
            ],
            [
              106.64925402480155,
              10.981796128694866
            ],
            [
              106.6492539103698,
              10.98179626664837
            ],
            [
              106.64925365254693,
              10.981796521704606
            ],
            [
              106.64925313291889,
              10.981796015501518
            ],
            [
              106.64925066468574,
              10.981793611036853
            ],
            [
              106.64925060612529,
              10.981793553989354
            ],
            [
              106.64924435456788,
              10.981793553989354
            ],
            [
              106.64924435456788,
              10.9817935539898
            ],
            [
              106.64924252443161,
              10.9817935539898
            ],
            [
              106.64924252443161,
              10.981793553989354
            ],
            [
              106.64923794908833,
              10.981793553989354
            ],
            [
              106.64923794908833,
              10.981820054169015
            ],
            [
              106.64923794908833,
              10.98182993559194
            ],
            [
              106.64923794908833,
              10.981865835946774
            ],
            [
              106.64923794908833,
              10.981869910439228
            ],
            [
              106.64929854981644,
              10.981869910439228
            ],
            [
              106.64929887009028,
              10.981869910439228
            ],
            [
              106.64929887009028,
              10.981864700234413
            ],
            [
              106.6492989627171,
              10.981864701027952
            ],
            [
              106.64929905531571,
              10.981864703408329
            ],
            [
              106.64929914785789,
              10.981864707374816
            ],
            [
              106.64929923611754,
              10.981864712674156
            ],
            [
              106.64929924031546,
              10.981864712926209
            ],
            [
              106.64929933266025,
              10.981864720060814
            ],
            [
              106.64929942486414,
              10.98186472877646
            ],
            [
              106.64929951689905,
              10.981864739070488
            ],
            [
              106.64929960873692,
              10.981864750939767
            ],
            [
              106.64929970034981,
              10.98186476438068
            ],
            [
              106.64929979170978,
              10.98186477938913
            ],
            [
              106.64929988278902,
              10.981864795960549
            ],
            [
              106.64929997355979,
              10.981864814089889
            ],
            [
              106.64930006399443,
              10.981864833771624
            ],
            [
              106.64930015406539,
              10.981864854999762
            ],
            [
              106.64930024374524,
              10.981864877767837
            ],
            [
              106.64930033300666,
              10.98186490206891
            ],
            [
              106.64930042182246,
              10.981864927895582
            ],
            [
              106.64930051016559,
              10.981864955239987
            ],
            [
              106.64930059800913,
              10.981864984093791
            ],
            [
              106.64930068532635,
              10.98186501444821
            ],
            [
              106.64930077209061,
              10.981865046293994
            ],
            [
              106.64930085827551,
              10.981865079621445
            ],
            [
              106.6493009438548,
              10.981865114420408
            ],
            [
              106.64930102880238,
              10.981865150680285
            ],
            [
              106.6493011130924,
              10.981865188390032
            ],
            [
              106.6493011966992,
              10.98186522753816
            ],
            [
              106.64930127959728,
              10.981865268112745
            ],
            [
              106.6493013617614,
              10.981865310101428
            ],
            [
              106.64930144316654,
              10.981865353491418
            ],
            [
              106.64930152378788,
              10.981865398269498
            ],
            [
              106.64930160360089,
              10.981865444422029
            ],
            [
              106.64930168258124,
              10.981865491934954
            ],
            [
              106.64930176070487,
              10.981865540793796
            ],
            [
              106.64930183794802,
              10.981865590983675
            ],
            [
              106.64930191428711,
              10.981865642489302
            ],
            [
              106.6493019896989,
              10.981865695294987
            ],
            [
              106.64930206416044,
              10.981865749384648
            ],
            [
              106.64930213764903,
              10.981865804741805
            ],
            [
              106.6493022101423,
              10.981865861349597
            ],
            [
              106.64930228161815,
              10.981865919190781
            ],
            [
              106.64930235205482,
              10.981865978247738
            ],
            [
              106.64930242143085,
              10.98186603850248
            ],
            [
              106.6493024897251,
              10.98186609993665
            ],
            [
              106.64930255691678,
              10.981866162531535
            ],
            [
              106.64930262298542,
              10.981866226268071
            ],
            [
              106.64930268791088,
              10.98186629112684
            ],
            [
              106.6493027516734,
              10.981866357088087
            ],
            [
              106.64930281425356,
              10.98186642413172
            ],
            [
              106.64930287563227,
              10.981866492237316
            ],
            [
              106.64930293579087,
              10.981866561384129
            ],
            [
              106.64930299471102,
              10.981866631551096
            ],
            [
              106.64930305237476,
              10.981866702716845
            ],
            [
              106.64930310876454,
              10.981866774859697
            ],
            [
              106.6493031638632,
              10.981866847957676
            ],
            [
              106.64930321765391,
              10.981866921988516
            ],
            [
              106.64930327012031,
              10.98186699692967
            ],
            [
              106.64930332124642,
              10.981867072758304
            ],
            [
              106.64930337101667,
              10.981867149451325
            ],
            [
              106.64930341941589,
              10.981867226985369
            ],
            [
              106.64930346642934,
              10.98186730533682
            ],
            [
              106.6493035120427,
              10.98186738448181
            ],
            [
              106.64930355624209,
              10.981867464396231
            ],
            [
              106.64930359901402,
              10.981867545055739
            ],
            [
              106.64930364034548,
              10.981867626435767
            ],
            [
              106.64930368022388,
              10.981867708511524
            ],
            [
              106.64930371863706,
              10.981867791258011
            ],
            [
              106.64930375557331,
              10.98186787465002
            ],
            [
              106.64930379102141,
              10.98186795866215
            ],
            [
              106.64930382497054,
              10.981868043268811
            ],
            [
              106.64930385741037,
              10.98186812844423
            ],
            [
              106.64930388833102,
              10.98186821416246
            ],
            [
              106.64930391772306,
              10.981868300397394
            ],
            [
              106.64930394557754,
              10.981868387122763
            ],
            [
              106.64930397188598,
              10.981868474312149
            ],
            [
              106.64930399664037,
              10.981868561938992
            ],
            [
              106.64930401983315,
              10.981868649976603
            ],
            [
              106.64930404145728,
              10.98186873839816
            ],
            [
              106.64930406150616,
              10.981868827176735
            ],
            [
              106.64930407997367,
              10.981868916285281
            ],
            [
              106.64930409685421,
              10.981869005696655
            ],
            [
              106.64930411214263,
              10.981869095383624
            ],
            [
              106.64930412583426,
              10.981869185318866
            ],
            [
              106.64930413792496,
              10.981869275474986
            ],
            [
              106.649304148411,
              10.981869365824524
            ],
            [
              106.64930415728924,
              10.981869456339957
            ],
            [
              106.64930416455692,
              10.981869546993712
            ],
            [
              106.64930417021188,
              10.981869637758177
            ],
            [
              106.64930417425235,
              10.981869728605702
            ],
            [
              106.64930417667713,
              10.981869819508615
            ],
            [
              106.64930417748548,
              10.981869910439228
            ],
            [
              106.64930449775932,
              10.981869910439228
            ],
            [
              106.64936331342304,
              10.981869910439228
            ],
            [
              106.64936331342304,
              10.98186689039707
            ],
            [
              106.64936331342304,
              10.981866575988159
            ],
            [
              106.64936311958623,
              10.981866572512162
            ],
            [
              106.64936292600807,
              10.98186656208881
            ],
            [
              106.64936273294681,
              10.98186654473201
            ],
            [
              106.6493625406601,
              10.981866520464923
            ],
            [
              106.6493623494045,
              10.981866489319927
            ],
            [
              106.64936215943517,
              10.98186645133858
            ],
            [
              106.64936197100562,
              10.98186640657156
            ],
            [
              106.64936178436727,
              10.9818663550786
            ],
            [
              106.64936159976914,
              10.981866296928406
            ],
            [
              106.64936141745754,
              10.98186623219857
            ],
            [
              106.64936123767573,
              10.98186616097546
            ],
            [
              106.6493610606636,
              10.98186608335411
            ],
            [
              106.64936088665733,
              10.981865999438089
            ],
            [
              106.64936071588912,
              10.98186590933937
            ],
            [
              106.64936054858678,
              10.981865813178166
            ],
            [
              106.64936038497359,
              10.98186571108279
            ],
            [
              106.64936022526783,
              10.981865603189465
            ],
            [
              106.64936006968261,
              10.981865489642159
            ],
            [
              106.64935991842552,
              10.981865370592372
            ],
            [
              106.64935977169839,
              10.981865246198955
            ],
            [
              106.649359629697,
              10.981865116627889
            ],
            [
              106.64935949261081,
              10.981864982052057
            ],
            [
              106.64935936062274,
              10.981864842651026
            ],
            [
              106.64935923390891,
              10.9818646986108
            ],
            [
              106.64935911263838,
              10.981864550123571
            ],
            [
              106.64935899697298,
              10.981864397387467
            ],
            [
              106.64935888706704,
              10.981864240606283
            ],
            [
              106.64935878306719,
              10.981864079989213
            ],
            [
              106.6493586851122,
              10.981863915750571
            ],
            [
              106.64935859333279,
              10.981863748109499
            ],
            [
              106.64935850785142,
              10.98186357728968
            ],
            [
              106.64935842878214,
              10.981863403519041
            ],
            [
              106.64935835623044,
              10.981863227029445
            ],
            [
              106.64935829029314,
              10.981863048056383
            ],
            [
              106.64935823105822,
              10.981862866838657
            ],
            [
              106.64935817860471,
              10.98186268361807
            ],
            [
              106.64935813300262,
              10.98186249863909
            ],
            [
              106.64935809431277,
              10.98186231214854
            ],
            [
              106.64935806258681,
              10.98186212439525
            ],
            [
              106.64935803786705,
              10.98186193562974
            ],
            [
              106.64935802018647,
              10.981861746103883
            ],
            [
              106.64935801901335,
              10.981861725107812
            ],
            [
              106.64935800956869,
              10.981861556070564
            ],
            [
              106.64935800602785,
              10.981861365783343
            ],
            [
              106.64936331342304,
              10.981861365783343
            ],
            [
              106.64936331342304,
              10.981861051374432
            ],
            [
              106.64936331342304,
              10.981829298277006
            ],
            [
              106.64936331342304,
              10.981819416854082
            ],
            [
              106.64936331342304,
              10.981793553989354
            ],
            [
              106.64935873808496,
              10.981793553989354
            ],
            [
              106.64935873808496,
              10.9817935539898
            ],
            [
              106.64935690794869,
              10.9817935539898
            ],
            [
              106.64935690794869,
              10.981793553989354
            ],
            [
              106.64935006697127,
              10.981793553989354
            ],
            [
              106.64935000841082,
              10.981793611036853
            ],
            [
              106.64934754017766,
              10.981796015501518
            ],
            [
              106.64934702054963,
              10.981796521704606
            ],
            [
              106.64934676272676,
              10.98179626664837
            ]
          ]
        ]
      }
    },
    {
      "type": "Feature",
      "properties": {
        "type": "room",
        "name": "Buồng ngủ",
        "area_m2": 18.57
      },
      "geometry": {
        "type": "Polygon",
        "coordinates": [
          [
            [
              106.64929011489939,
              10.98183532545899
            ],
            [
              106.64929043517323,
              10.98183532545899
            ],
            [
              106.64929043517323,
              10.98183568478346
            ],
            [
              106.64929057243344,
              10.98183568478346
            ],
            [
              106.64929057243344,
              10.981835774614577
            ],
            [
              106.64929057243344,
              10.981836223770165
            ],
            [
              106.64929011489939,
              10.981836223770165
            ],
            [
              106.64928919290658,
              10.981836223770165
            ],
            [
              106.64928919290658,
              10.981836672925752
            ],
            [
              106.64931206960999,
              10.981836672925752
            ],
            [
              106.64931206960999,
              10.981836223770165
            ],
            [
              106.64931116167487,
              10.981836223770165
            ],
            [
              106.6493107041408,
              10.981836223770165
            ],
            [
              106.6493107041408,
              10.981835774614577
            ],
            [
              106.6493107041408,
              10.98183568478346
            ],
            [
              106.64931084140103,
              10.98183568478346
            ],
            [
              106.64931084140103,
              10.98183532545899
            ],
            [
              106.64931116167487,
              10.98183532545899
            ],
            [
              106.64931206960999,
              10.98183532545899
            ],
            [
              106.64931206960999,
              10.98183487630385
            ],
            [
              106.64931389974626,
              10.98183487630385
            ],
            [
              106.64931389974626,
              10.98183532545899
            ],
            [
              106.64933586138415,
              10.98183532545899
            ],
            [
              106.64933586138415,
              10.981834876304298
            ],
            [
              106.64933631891302,
              10.981834876304298
            ],
            [
              106.64933631891302,
              10.981815113458447
            ],
            [
              106.64933586138415,
              10.981815113458447
            ],
            [
              106.64933586138415,
              10.981814664301965
            ],
            [
              106.64931389974626,
              10.981814664301965
            ],
            [
              106.64931389974626,
              10.981815113458
            ],
            [
              106.64931206960999,
              10.981815113458
            ],
            [
              106.64931206960999,
              10.981814664301965
            ],
            [
              106.64931203285626,
              10.981814664301965
            ],
            [
              106.64931203285626,
              10.98181376599079
            ],
            [
              106.64931206960999,
              10.98181376599079
            ],
            [
              106.64931206960999,
              10.98181331683565
            ],
            [
              106.64931389974626,
              10.98181331683565
            ],
            [
              106.64931389974626,
              10.98181376599079
            ],
            [
              106.64933586138415,
              10.98181376599079
            ],
            [
              106.64933586138415,
              10.981813316836098
            ],
            [
              106.64933631891302,
              10.981813316836098
            ],
            [
              106.64933631891302,
              10.981813316835202
            ],
            [
              106.64926494359835,
              10.981813316835202
            ],
            [
              106.64926494359835,
              10.98181331683565
            ],
            [
              106.64926540113503,
              10.98181331683565
            ],
            [
              106.64926540113503,
              10.98181376599079
            ],
            [
              106.64928736277031,
              10.98181376599079
            ],
            [
              106.64928736277031,
              10.98181331683565
            ],
            [
              106.64928919290658,
              10.98181331683565
            ],
            [
              106.64928919290658,
              10.98181376599079
            ],
            [
              106.64928922965511,
              10.98181376599079
            ],
            [
              106.64928922965511,
              10.981814664301965
            ],
            [
              106.64928919290658,
              10.981814664301965
            ],
            [
              106.64928919290658,
              10.981815113458
            ],
            [
              106.64928736277031,
              10.981815113458
            ],
            [
              106.64928736277031,
              10.981814664301965
            ],
            [
              106.64926540113503,
              10.981814664301965
            ],
            [
              106.64926540113503,
              10.981815113458
            ],
            [
              106.64926494359835,
              10.981815113458
            ],
            [
              106.64926494359835,
              10.98183487630385
            ],
            [
              106.64926540113503,
              10.98183487630385
            ],
            [
              106.64926540113503,
              10.98183532545899
            ],
            [
              106.64928736277031,
              10.98183532545899
            ],
            [
              106.64928736277031,
              10.98183487630385
            ],
            [
              106.64928919290658,
              10.98183487630385
            ],
            [
              106.64928919290658,
              10.98183532545899
            ],
            [
              106.64929011489939,
              10.98183532545899
            ]
          ]
        ]
      }
    },
    {
      "type": "Feature",
      "properties": {
        "type": "room",
        "name": "Gian tiếp khách",
        "area_m2": 54.24
      },
      "geometry": {
        "type": "Polygon",
        "coordinates": [
          [
            [
              106.64923794908833,
              10.981770197898802
            ],
            [
              106.64936331342304,
              10.981770197898802
            ],
            [
              106.64936331342304,
              10.981747600660729
            ],
            [
              106.64936331342304,
              10.981747286251817
            ],
            [
              106.64936311958623,
              10.981747282775821
            ],
            [
              106.64936292600807,
              10.981747272352468
            ],
            [
              106.64936273294681,
              10.98174725499567
            ],
            [
              106.6493625406601,
              10.981747230728581
            ],
            [
              106.6493623494045,
              10.981747199583587
            ],
            [
              106.64936215943517,
              10.98174716160224
            ],
            [
              106.64936197100562,
              10.98174711683522
            ],
            [
              106.64936178436727,
              10.981747065342258
            ],
            [
              106.64936159976914,
              10.981747007192066
            ],
            [
              106.64936141745754,
              10.981746942462228
            ],
            [
              106.64936123767573,
              10.98174687123912
            ],
            [
              106.6493610606636,
              10.981746793617768
            ],
            [
              106.64936088665733,
              10.98174670970175
            ],
            [
              106.64936071588912,
              10.981746619603028
            ],
            [
              106.64936054858678,
              10.981746523441824
            ],
            [
              106.64936038497359,
              10.981746421346449
            ],
            [
              106.64936022526783,
              10.981746313453126
            ],
            [
              106.64936006968261,
              10.981746199905817
            ],
            [
              106.64935991842552,
              10.98174608085603
            ],
            [
              106.64935977169839,
              10.981745956462614
            ],
            [
              106.649359629697,
              10.981745826891547
            ],
            [
              106.64935949261081,
              10.981745692315716
            ],
            [
              106.64935936062274,
              10.981745552914687
            ],
            [
              106.64935923390891,
              10.98174540887446
            ],
            [
              106.64935911263838,
              10.98174526038723
            ],
            [
              106.64935899697298,
              10.981745107651125
            ],
            [
              106.64935888706704,
              10.981744950869942
            ],
            [
              106.64935878306719,
              10.981744790252872
            ],
            [
              106.6493586851122,
              10.98174462601423
            ],
            [
              106.64935859333279,
              10.981744458373157
            ],
            [
              106.64935850785142,
              10.981744287553338
            ],
            [
              106.64935842878214,
              10.9817441137827
            ],
            [
              106.64935835623044,
              10.981743937293105
            ],
            [
              106.64935829029314,
              10.981743758320041
            ],
            [
              106.64935823105822,
              10.981743577102318
            ],
            [
              106.64935817860471,
              10.981743393881729
            ],
            [
              106.64935813300262,
              10.981743208902751
            ],
            [
              106.64935809431277,
              10.981743022412198
            ],
            [
              106.64935806258681,
              10.981742834658908
            ],
            [
              106.64935803786705,
              10.981742645893398
            ],
            [
              106.64935802018647,
              10.981742456367542
            ],
            [
              106.64935801901335,
              10.981742435371473
            ],
            [
              106.64935800956869,
              10.981742266334223
            ],
            [
              106.64935800602785,
              10.981742076047002
            ],
            [
              106.64936331342304,
              10.981742076047002
            ],
            [
              106.64936331342304,
              10.98174176163809
            ],
            [
              106.64936331342304,
              10.981732468829453
            ],
            [
              106.64935873808496,
              10.9817324688299
            ],
            [
              106.64935690794869,
              10.9817324688299
            ],
            [
              106.64933769152042,
              10.9817324688299
            ],
            [
              106.64933769152042,
              10.981732468830348
            ],
            [
              106.64933586138415,
              10.981732468830348
            ],
            [
              106.64933586138415,
              10.9817324688299
            ],
            [
              106.64933557171811,
              10.9817324688299
            ],
            [
              106.64933557171811,
              10.98173615190527
            ],
            [
              106.64933557171811,
              10.981736870554212
            ],
            [
              106.64933520569086,
              10.981736870554212
            ],
            [
              106.64933501514747,
              10.98173685613568
            ],
            [
              106.6493348252865,
              10.981736834733054
            ],
            [
              106.64933463637351,
              10.981736806376269
            ],
            [
              106.64933444867269,
              10.981736771104984
            ],
            [
              106.64933426244657,
              10.981736728968526
            ],
            [
              106.6493340779556,
              10.981736680025831
            ],
            [
              106.6493338954578,
              10.981736624345347
            ],
            [
              106.64933371520843,
              10.981736562004949
            ],
            [
              106.64933353745955,
              10.981736493091825
            ],
            [
              106.6493333624598,
              10.981736417702356
            ],
            [
              106.6493331904539,
              10.981736335941983
            ],
            [
              106.64933302168242,
              10.981736247925054
            ],
            [
              106.64933285638143,
              10.98173615377467
            ],
            [
              106.64933269478209,
              10.981736053622505
            ],
            [
              106.64933253711041,
              10.981735947608636
            ],
            [
              106.64933238358694,
              10.981735835881329
            ],
            [
              106.64933223442635,
              10.981735718596846
            ],
            [
              106.6493320898373,
              10.98173559591922
            ],
            [
              106.64933195002197,
              10.981735468020029
            ],
            [
              106.64933181517594,
              10.981735335078147
            ],
            [
              106.64933168548778,
              10.981735197279509
            ],
            [
              106.64933156113888,
              10.981735054816836
            ],
            [
              106.64933144230315,
              10.981734907889377
            ],
            [
              106.6493313291468,
              10.981734756702624
            ],
            [
              106.64933122182809,
              10.981734601468023
            ],
            [
              106.6493311204971,
              10.981734442402686
            ],
            [
              106.64933102529557,
              10.981734279729078
            ],
            [
              106.64933093635662,
              10.981734113674714
            ],
            [
              106.64933085380467,
              10.981733944471836
            ],
            [
              106.64933077775515,
              10.981733772357089
            ],
            [
              106.64933070831445,
              10.981733597571191
            ],
            [
              106.64933064557967,
              10.981733420358598
            ],
            [
              106.64933058963855,
              10.981733240967154
            ],
            [
              106.64933054056934,
              10.981733059647757
            ],
            [
              106.64933049844066,
              10.981732876653998
            ],
            [
              106.64933046331143,
              10.98173269224181
            ],
            [
              106.64933043523078,
              10.981732506669111
            ],
            [
              106.64933043097092,
              10.9817324688299
            ],
            [
              106.64933008130929,
              10.9817324688299
            ],
            [
              106.64933008130929,
              10.98173615190527
            ],
            [
              106.64933008130929,
              10.981736870554212
            ],
            [
              106.64932971528204,
              10.981736870554212
            ],
            [
              106.64932952473865,
              10.98173685613568
            ],
            [
              106.64932933487768,
              10.981736834733054
            ],
            [
              106.64932914596469,
              10.981736806376269
            ],
            [
              106.64932895826387,
              10.981736771104984
            ],
            [
              106.64932877203775,
              10.981736728968526
            ],
            [
              106.64932858754678,
              10.981736680025831
            ],
            [
              106.64932840504898,
              10.981736624345347
            ],
            [
              106.6493282247996,
              10.981736562004949
            ],
            [
              106.64932804705073,
              10.981736493091825
            ],
            [
              106.64932787205097,
              10.981736417702356
            ],
            [
              106.64932770004508,
              10.981736335941983
            ],
            [
              106.64932753127361,
              10.981736247925054
            ],
            [
              106.64932736597261,
              10.98173615377467
            ],
            [
              106.64932720437326,
              10.981736053622505
            ],
            [
              106.6493270467016,
              10.981735947608636
            ],
            [
              106.64932689317811,
              10.981735835881329
            ],
            [
              106.64932674401753,
              10.981735718596846
            ],
            [
              106.64932659942848,
              10.98173559591922
            ],
            [
              106.64932645961315,
              10.981735468020029
            ],
            [
              106.64932632476712,
              10.981735335078147
            ],
            [
              106.64932619507896,
              10.981735197279509
            ],
            [
              106.64932607073007,
              10.981735054816836
            ],
            [
              106.64932595189434,
              10.981734907889377
            ],
            [
              106.64932583873798,
              10.981734756702624
            ],
            [
              106.64932573141927,
              10.981734601468023
            ],
            [
              106.64932563008828,
              10.981734442402686
            ],
            [
              106.64932553488674,
              10.981734279729078
            ],
            [
              106.6493254459478,
              10.981734113674714
            ],
            [
              106.64932536339585,
              10.981733944471836
            ],
            [
              106.64932528734633,
              10.981733772357089
            ],
            [
              106.64932521790563,
              10.981733597571191
            ],
            [
              106.64932515517084,
              10.981733420358598
            ],
            [
              106.64932509922973,
              10.981733240967154
            ],
            [
              106.64932505016051,
              10.981733059647757
            ],
            [
              106.64932500803184,
              10.981732876653998
            ],
            [
              106.6493249729026,
              10.98173269224181
            ],
            [
              106.64932494482196,
              10.981732506669111
            ],
            [
              106.64932494056211,
              10.9817324688299
            ],
            [
              106.64932488178653,
              10.9817324688299
            ],
            [
              106.64932487752668,
              10.981732506669111
            ],
            [
              106.64932484944603,
              10.98173269224181
            ],
            [
              106.6493248143168,
              10.981732876653998
            ],
            [
              106.64932477218812,
              10.981733059647757
            ],
            [
              106.64932472311891,
              10.981733240967154
            ],
            [
              106.6493246671778,
              10.981733420358598
            ],
            [
              106.64932460444301,
              10.981733597571191
            ],
            [
              106.64932453500231,
              10.981733772357089
            ],
            [
              106.64932445895279,
              10.981733944471836
            ],
            [
              106.64932437640084,
              10.981734113674714
            ],
            [
              106.6493242874619,
              10.981734279729078
            ],
            [
              106.64932419226035,
              10.981734442402686
            ],
            [
              106.64932409092937,
              10.981734601468023
            ],
            [
              106.64932398361066,
              10.981734756702624
            ],
            [
              106.6493238704543,
              10.981734907889377
            ],
            [
              106.64932375161858,
              10.981735054816836
            ],
            [
              106.64932362726968,
              10.981735197279509
            ],
            [
              106.64932349758152,
              10.981735335078147
            ],
            [
              106.64932336273549,
              10.981735468020029
            ],
            [
              106.64932322292016,
              10.98173559591922
            ],
            [
              106.64932307833111,
              10.981735718596846
            ],
            [
              106.64932292917052,
              10.981735835881329
            ],
            [
              106.64932277564704,
              10.981735947608636
            ],
            [
              106.64932261797537,
              10.981736053622505
            ],
            [
              106.64932245637603,
              10.98173615377467
            ],
            [
              106.64932229107502,
              10.981736247925054
            ],
            [
              106.64932212230356,
              10.981736335941983
            ],
            [
              106.64932195029766,
              10.981736417702356
            ],
            [
              106.6493217752979,
              10.981736493091825
            ],
            [
              106.64932159754903,
              10.981736562004949
            ],
            [
              106.64932141729966,
              10.981736624345347
            ],
            [
              106.64932123480186,
              10.981736680025831
            ],
            [
              106.64932105031089,
              10.981736728968526
            ],
            [
              106.64932086408477,
              10.981736771104984
            ],
            [
              106.64932067638395,
              10.981736806376269
            ],
            [
              106.64932048747096,
              10.981736834733054
            ],
            [
              106.64932029760999,
              10.98173685613568
            ],
            [
              106.6493201070666,
              10.981736870554212
            ],
            [
              106.64931974103935,
              10.981736870554212
            ],
            [
              106.64931974103935,
              10.98173615190527
            ],
            [
              106.64931974103935,
              10.9817324688299
            ],
            [
              106.64931939137772,
              10.9817324688299
            ],
            [
              106.64931938711786,
              10.981732506669111
            ],
            [
              106.64931935903721,
              10.98173269224181
            ],
            [
              106.64931932390797,
              10.981732876653998
            ],
            [
              106.6493192817793,
              10.981733059647757
            ],
            [
              106.64931923271008,
              10.981733240967154
            ],
            [
              106.64931917676897,
              10.981733420358598
            ],
            [
              106.64931911403418,
              10.981733597571191
            ],
            [
              106.64931904459348,
              10.981733772357089
            ],
            [
              106.64931896854397,
              10.981733944471836
            ],
            [
              106.64931888599202,
              10.981734113674714
            ],
            [
              106.64931879705307,
              10.981734279729078
            ],
            [
              106.64931870185154,
              10.981734442402686
            ],
            [
              106.64931860052054,
              10.981734601468023
            ],
            [
              106.64931849320183,
              10.981734756702624
            ],
            [
              106.64931838004549,
              10.981734907889377
            ],
            [
              106.64931826120976,
              10.981735054816836
            ],
            [
              106.64931813686086,
              10.981735197279509
            ],
            [
              106.6493180071727,
              10.981735335078147
            ],
            [
              106.64931787232666,
              10.981735468020029
            ],
            [
              106.64931773251135,
              10.98173559591922
            ],
            [
              106.64931758792228,
              10.981735718596846
            ],
            [
              106.6493174387617,
              10.981735835881329
            ],
            [
              106.64931728523823,
              10.981735947608636
            ],
            [
              106.64931712756655,
              10.981736053622505
            ],
            [
              106.64931696596722,
              10.98173615377467
            ],
            [
              106.64931680066621,
              10.981736247925054
            ],
            [
              106.64931663189473,
              10.981736335941983
            ],
            [
              106.64931645988884,
              10.981736417702356
            ],
            [
              106.64931628488908,
              10.981736493091825
            ],
            [
              106.64931610714022,
              10.981736562004949
            ],
            [
              106.64931592689084,
              10.981736624345347
            ],
            [
              106.64931574439304,
              10.981736680025831
            ],
            [
              106.64931555990206,
              10.981736728968526
            ],
            [
              106.64931537367595,
              10.981736771104984
            ],
            [
              106.64931518597513,
              10.981736806376269
            ],
            [
              106.64931499706213,
              10.981736834733054
            ],
            [
              106.64931480720118,
              10.98173685613568
            ],
            [
              106.64931461665778,
              10.981736870554212
            ],
            [
              106.64931425063052,
              10.981736870554212
            ],
            [
              106.64931425063052,
              10.98173615190527
            ],
            [
              106.64931425063052,
              10.9817324688299
            ],
            [
              106.64931389974626,
              10.9817324688299
            ],
            [
              106.64931206960999,
              10.9817324688299
            ],
            [
              106.64931129179948,
              10.9817324688299
            ],
            [
              106.64931129179948,
              10.98173615190527
            ],
            [
              106.64931129179948,
              10.981736870554212
            ],
            [
              106.64931092577223,
              10.981736870554212
            ],
            [
              106.64931073522884,
              10.98173685613568
            ],
            [
              106.64931054536787,
              10.981736834733054
            ],
            [
              106.64931035645488,
              10.981736806376269
            ],
            [
              106.64931016875406,
              10.981736771104984
            ],
            [
              106.64930998252794,
              10.981736728968526
            ],
            [
              106.64930979803697,
              10.981736680025831
            ],
            [
              106.64930961553917,
              10.981736624345347
            ],
            [
              106.6493094352898,
              10.981736562004949
            ],
            [
              106.64930925754092,
              10.981736493091825
            ],
            [
              106.64930908254117,
              10.981736417702356
            ],
            [
              106.64930891053527,
              10.981736335941983
            ],
            [
              106.64930874176379,
              10.981736247925054
            ],
            [
              106.6493085764628,
              10.98173615377467
            ],
            [
              106.64930841486346,
              10.981736053622505
            ],
            [
              106.64930825719178,
              10.981735947608636
            ],
            [
              106.6493081036683,
              10.981735835881329
            ],
            [
              106.64930795450772,
              10.981735718596846
            ],
            [
              106.64930780991865,
              10.98173559591922
            ],
            [
              106.64930767010334,
              10.981735468020029
            ],
            [
              106.64930753525731,
              10.981735335078147
            ],
            [
              106.64930740556915,
              10.981735197279509
            ],
            [
              106.64930728122025,
              10.981735054816836
            ],
            [
              106.64930716238452,
              10.981734907889377
            ],
            [
              106.64930704922817,
              10.981734756702624
            ],
            [
              106.64930694190946,
              10.981734601468023
            ],
            [
              106.64930684057846,
              10.981734442402686
            ],
            [
              106.64930674537693,
              10.981734279729078
            ],
            [
              106.64930665643799,
              10.981734113674714
            ],
            [
              106.64930657388604,
              10.981733944471836
            ],
            [
              106.64930649783652,
              10.981733772357089
            ],
            [
              106.64930642839582,
              10.981733597571191
            ],
            [
              106.64930636566103,
              10.981733420358598
            ],
            [
              106.64930630971992,
              10.981733240967154
            ],
            [
              106.6493062606507,
              10.981733059647757
            ],
            [
              106.64930621852203,
              10.981732876653998
            ],
            [
              106.6493061833928,
              10.98173269224181
            ],
            [
              106.64930615531215,
              10.981732506669111
            ],
            [
              106.64930615105229,
              10.9817324688299
            ],
            [
              106.64930580139065,
              10.9817324688299
            ],
            [
              106.64930580139065,
              10.98173615190527
            ],
            [
              106.64930580139065,
              10.981736870554212
            ],
            [
              106.6493054353634,
              10.981736870554212
            ],
            [
              106.64930524482001,
              10.98173685613568
            ],
            [
              106.64930505495904,
              10.981736834733054
            ],
            [
              106.64930486604605,
              10.981736806376269
            ],
            [
              106.64930467834523,
              10.981736771104984
            ],
            [
              106.64930449211911,
              10.981736728968526
            ],
            [
              106.64930430762814,
              10.981736680025831
            ],
            [
              106.64930412513034,
              10.981736624345347
            ],
            [
              106.64930394488097,
              10.981736562004949
            ],
            [
              106.6493037671321,
              10.981736493091825
            ],
            [
              106.64930359213234,
              10.981736417702356
            ],
            [
              106.64930342012644,
              10.981736335941983
            ],
            [
              106.64930325135498,
              10.981736247925054
            ],
            [
              106.64930308605398,
              10.98173615377467
            ],
            [
              106.64930292445463,
              10.981736053622505
            ],
            [
              106.64930276678297,
              10.981735947608636
            ],
            [
              106.64930261325948,
              10.981735835881329
            ],
            [
              106.6493024640989,
              10.981735718596846
            ],
            [
              106.64930231950984,
              10.98173559591922
            ],
            [
              106.64930217969452,
              10.981735468020029
            ],
            [
              106.64930204484848,
              10.981735335078147
            ],
            [
              106.64930191516032,
              10.981735197279509
            ],
            [
              106.64930179081144,
              10.981735054816836
            ],
            [
              106.6493016719757,
              10.981734907889377
            ],
            [
              106.64930155881935,
              10.981734756702624
            ],
            [
              106.64930145150063,
              10.981734601468023
            ],
            [
              106.64930135016965,
              10.981734442402686
            ],
            [
              106.64930125496811,
              10.981734279729078
            ],
            [
              106.64930116602916,
              10.981734113674714
            ],
            [
              106.64930108347721,
              10.981733944471836
            ],
            [
              106.6493010074277,
              10.981733772357089
            ],
            [
              106.649300937987,
              10.981733597571191
            ],
            [
              106.64930087525221,
              10.981733420358598
            ],
            [
              106.6493008193111,
              10.981733240967154
            ],
            [
              106.64930077024188,
              10.981733059647757
            ],
            [
              106.6493007281132,
              10.981732876653998
            ],
            [
              106.64930069298397,
              10.98173269224181
            ],
            [
              106.64930066490332,
              10.981732506669111
            ],
            [
              106.64930066064348,
              10.9817324688299
            ],
            [
              106.64930060186789,
              10.9817324688299
            ],
            [
              106.64930059760805,
              10.981732506669111
            ],
            [
              106.6493005695274,
              10.98173269224181
            ],
            [
              106.64930053439817,
              10.981732876653998
            ],
            [
              106.64930049226949,
              10.981733059647757
            ],
            [
              106.64930044320027,
              10.981733240967154
            ],
            [
              106.64930038725916,
              10.981733420358598
            ],
            [
              106.64930032452438,
              10.981733597571191
            ],
            [
              106.64930025508367,
              10.981733772357089
            ],
            [
              106.64930017903416,
              10.981733944471836
            ],
            [
              106.64930009648221,
              10.981734113674714
            ],
            [
              106.64930000754326,
              10.981734279729078
            ],
            [
              106.64929991234172,
              10.981734442402686
            ],
            [
              106.64929981101074,
              10.981734601468023
            ],
            [
              106.64929970369202,
              10.981734756702624
            ],
            [
              106.64929959053566,
              10.981734907889377
            ],
            [
              106.64929947169995,
              10.981735054816836
            ],
            [
              106.64929934735105,
              10.981735197279509
            ],
            [
              106.64929921766289,
              10.981735335078147
            ],
            [
              106.64929908281685,
              10.981735468020029
            ],
            [
              106.64929894300153,
              10.98173559591922
            ],
            [
              106.64929879841247,
              10.981735718596846
            ],
            [
              106.64929864925189,
              10.981735835881329
            ],
            [
              106.6492984957284,
              10.981735947608636
            ],
            [
              106.64929833805674,
              10.981736053622505
            ],
            [
              106.64929817645739,
              10.98173615377467
            ],
            [
              106.64929801115639,
              10.981736247925054
            ],
            [
              106.64929784238493,
              10.981736335941983
            ],
            [
              106.64929767037903,
              10.981736417702356
            ],
            [
              106.64929749537927,
              10.981736493091825
            ],
            [
              106.6492973176304,
              10.981736562004949
            ],
            [
              106.64929713738103,
              10.981736624345347
            ],
            [
              106.64929695488323,
              10.981736680025831
            ],
            [
              106.64929677039225,
              10.981736728968526
            ],
            [
              106.64929658416614,
              10.981736771104984
            ],
            [
              106.64929639646532,
              10.981736806376269
            ],
            [
              106.64929620755233,
              10.981736834733054
            ],
            [
              106.64929601769136,
              10.98173685613568
            ],
            [
              106.64929582714797,
              10.981736870554212
            ],
            [
              106.64929546112072,
              10.981736870554212
            ],
            [
              106.64929546112072,
              10.98173615190527
            ],
            [
              106.64929546112072,
              10.9817324688299
            ],
            [
              106.64929511145908,
              10.9817324688299
            ],
            [
              106.64929510719922,
              10.981732506669111
            ],
            [
              106.64929507911857,
              10.98173269224181
            ],
            [
              106.64929504398934,
              10.981732876653998
            ],
            [
              106.64929500186066,
              10.981733059647757
            ],
            [
              106.64929495279145,
              10.981733240967154
            ],
            [
              106.64929489685034,
              10.981733420358598
            ],
            [
              106.64929483411555,
              10.981733597571191
            ],
            [
              106.64929476467485,
              10.981733772357089
            ],
            [
              106.64929468862533,
              10.981733944471836
            ],
            [
              106.64929460607338,
              10.981734113674714
            ],
            [
              106.64929451713444,
              10.981734279729078
            ],
            [
              106.64929442193291,
              10.981734442402686
            ],
            [
              106.64929432060191,
              10.981734601468023
            ],
            [
              106.6492942132832,
              10.981734756702624
            ],
            [
              106.64929410012685,
              10.981734907889377
            ],
            [
              106.64929398129112,
              10.981735054816836
            ],
            [
              106.64929385694222,
              10.981735197279509
            ],
            [
              106.64929372725406,
              10.981735335078147
            ],
            [
              106.64929359240803,
              10.981735468020029
            ],
            [
              106.64929345259272,
              10.98173559591922
            ],
            [
              106.64929330800365,
              10.981735718596846
            ],
            [
              106.64929315884307,
              10.981735835881329
            ],
            [
              106.64929300531959,
              10.981735947608636
            ],
            [
              106.64929284764791,
              10.981736053622505
            ],
            [
              106.64929268604858,
              10.98173615377467
            ],
            [
              106.64929252074758,
              10.981736247925054
            ],
            [
              106.6492923519761,
              10.981736335941983
            ],
            [
              106.6492921799702,
              10.981736417702356
            ],
            [
              106.64929200497045,
              10.981736493091825
            ],
            [
              106.64929182722159,
              10.981736562004949
            ],
            [
              106.6492916469722,
              10.981736624345347
            ],
            [
              106.6492914644744,
              10.981736680025831
            ],
            [
              106.64929127998343,
              10.981736728968526
            ],
            [
              106.64929109375731,
              10.981736771104984
            ],
            [
              106.64929090605649,
              10.981736806376269
            ],
            [
              106.6492907171435,
              10.981736834733054
            ],
            [
              106.64929052728255,
              10.98173685613568
            ],
            [
              106.64929033673914,
              10.981736870554212
            ],
            [
              106.64928997071189,
              10.981736870554212
            ],
            [
              106.64928997071189,
              10.98173615190527
            ],
            [
              106.64928997071189,
              10.9817324688299
            ],
            [
              106.64928919290658,
              10.9817324688299
            ],
            [
              106.64928736277031,
              10.9817324688299
            ],
            [
              106.64928703103787,
              10.9817324688299
            ],
            [
              106.64928703103787,
              10.98173615190527
            ],
            [
              106.64928703103787,
              10.981736870554212
            ],
            [
              106.64928666501062,
              10.981736870554212
            ],
            [
              106.64928647446723,
              10.98173685613568
            ],
            [
              106.64928628460626,
              10.981736834733054
            ],
            [
              106.64928609569327,
              10.981736806376269
            ],
            [
              106.64928590799245,
              10.981736771104984
            ],
            [
              106.64928572176633,
              10.981736728968526
            ],
            [
              106.64928553727536,
              10.981736680025831
            ],
            [
              106.64928535477756,
              10.981736624345347
            ],
            [
              106.64928517452819,
              10.981736562004949
            ],
            [
              106.64928499677931,
              10.981736493091825
            ],
            [
              106.64928482177956,
              10.981736417702356
            ],
            [
              106.64928464977366,
              10.981736335941983
            ],
            [
              106.6492844810022,
              10.981736247925054
            ],
            [
              106.6492843157012,
              10.98173615377467
            ],
            [
              106.64928415410185,
              10.981736053622505
            ],
            [
              106.64928399643019,
              10.981735947608636
            ],
            [
              106.6492838429067,
              10.981735835881329
            ],
            [
              106.64928369374611,
              10.981735718596846
            ],
            [
              106.64928354915706,
              10.98173559591922
            ],
            [
              106.64928340934173,
              10.981735468020029
            ],
            [
              106.6492832744957,
              10.981735335078147
            ],
            [
              106.64928314480754,
              10.981735197279509
            ],
            [
              106.64928302045865,
              10.981735054816836
            ],
            [
              106.64928290162293,
              10.981734907889377
            ],
            [
              106.64928278846656,
              10.981734756702624
            ],
            [
              106.64928268114785,
              10.981734601468023
            ],
            [
              106.64928257981687,
              10.981734442402686
            ],
            [
              106.64928248461533,
              10.981734279729078
            ],
            [
              106.64928239567638,
              10.981734113674714
            ],
            [
              106.64928231312443,
              10.981733944471836
            ],
            [
              106.64928223707491,
              10.981733772357089
            ],
            [
              106.64928216763421,
              10.981733597571191
            ],
            [
              106.64928210489943,
              10.981733420358598
            ],
            [
              106.64928204895831,
              10.981733240967154
            ],
            [
              106.6492819998891,
              10.981733059647757
            ],
            [
              106.64928195776042,
              10.981732876653998
            ],
            [
              106.64928192263119,
              10.98173269224181
            ],
            [
              106.64928189455054,
              10.981732506669111
            ],
            [
              106.6492818902907,
              10.9817324688299
            ],
            [
              106.64928154062906,
              10.9817324688299
            ],
            [
              106.64928154062906,
              10.98173615190527
            ],
            [
              106.64928154062906,
              10.981736870554212
            ],
            [
              106.6492811746018,
              10.981736870554212
            ],
            [
              106.64928098405841,
              10.98173685613568
            ],
            [
              106.64928079419745,
              10.981736834733054
            ],
            [
              106.64928060528445,
              10.981736806376269
            ],
            [
              106.64928041758364,
              10.981736771104984
            ],
            [
              106.64928023135751,
              10.981736728968526
            ],
            [
              106.64928004686654,
              10.981736680025831
            ],
            [
              106.64927986436875,
              10.981736624345347
            ],
            [
              106.64927968411936,
              10.981736562004949
            ],
            [
              106.6492795063705,
              10.981736493091825
            ],
            [
              106.64927933137074,
              10.981736417702356
            ],
            [
              106.64927915936484,
              10.981736335941983
            ],
            [
              106.64927899059337,
              10.981736247925054
            ],
            [
              106.64927882529237,
              10.98173615377467
            ],
            [
              106.64927866369304,
              10.981736053622505
            ],
            [
              106.64927850602136,
              10.981735947608636
            ],
            [
              106.64927835249787,
              10.981735835881329
            ],
            [
              106.6492782033373,
              10.981735718596846
            ],
            [
              106.64927805874824,
              10.98173559591922
            ],
            [
              106.64927791893292,
              10.981735468020029
            ],
            [
              106.64927778408688,
              10.981735335078147
            ],
            [
              106.64927765439873,
              10.981735197279509
            ],
            [
              106.64927753004983,
              10.981735054816836
            ],
            [
              106.6492774112141,
              10.981734907889377
            ],
            [
              106.64927729805775,
              10.981734756702624
            ],
            [
              106.64927719073903,
              10.981734601468023
            ],
            [
              106.64927708940805,
              10.981734442402686
            ],
            [
              106.6492769942065,
              10.981734279729078
            ],
            [
              106.64927690526757,
              10.981734113674714
            ],
            [
              106.6492768227156,
              10.981733944471836
            ],
            [
              106.6492767466661,
              10.981733772357089
            ],
            [
              106.6492766772254,
              10.981733597571191
            ],
            [
              106.64927661449062,
              10.981733420358598
            ],
            [
              106.6492765585495,
              10.981733240967154
            ],
            [
              106.64927650948029,
              10.981733059647757
            ],
            [
              106.6492764673516,
              10.981732876653998
            ],
            [
              106.64927643222236,
              10.98173269224181
            ],
            [
              106.64927640414173,
              10.981732506669111
            ],
            [
              106.64927639988187,
              10.9817324688299
            ],
            [
              106.6492763411063,
              10.9817324688299
            ],
            [
              106.64927633684644,
              10.981732506669111
            ],
            [
              106.64927630876579,
              10.98173269224181
            ],
            [
              106.64927627363656,
              10.981732876653998
            ],
            [
              106.64927623150788,
              10.981733059647757
            ],
            [
              106.64927618243867,
              10.981733240967154
            ],
            [
              106.64927612649755,
              10.981733420358598
            ],
            [
              106.64927606376277,
              10.981733597571191
            ],
            [
              106.64927599432207,
              10.981733772357089
            ],
            [
              106.64927591827255,
              10.981733944471836
            ],
            [
              106.6492758357206,
              10.981734113674714
            ],
            [
              106.64927574678165,
              10.981734279729078
            ],
            [
              106.64927565158013,
              10.981734442402686
            ],
            [
              106.64927555024913,
              10.981734601468023
            ],
            [
              106.64927544293042,
              10.981734756702624
            ],
            [
              106.64927532977407,
              10.981734907889377
            ],
            [
              106.64927521093834,
              10.981735054816836
            ],
            [
              106.64927508658944,
              10.981735197279509
            ],
            [
              106.64927495690128,
              10.981735335078147
            ],
            [
              106.64927482205525,
              10.981735468020029
            ],
            [
              106.64927468223993,
              10.98173559591922
            ],
            [
              106.64927453765087,
              10.981735718596846
            ],
            [
              106.64927438849028,
              10.981735835881329
            ],
            [
              106.64927423496681,
              10.981735947608636
            ],
            [
              106.64927407729513,
              10.981736053622505
            ],
            [
              106.6492739156958,
              10.98173615377467
            ],
            [
              106.6492737503948,
              10.981736247925054
            ],
            [
              106.64927358162332,
              10.981736335941983
            ],
            [
              106.64927340961742,
              10.981736417702356
            ],
            [
              106.64927323461767,
              10.981736493091825
            ],
            [
              106.64927305686881,
              10.981736562004949
            ],
            [
              106.64927287661942,
              10.981736624345347
            ],
            [
              106.64927269412162,
              10.981736680025831
            ],
            [
              106.64927250963065,
              10.981736728968526
            ],
            [
              106.64927232340453,
              10.981736771104984
            ],
            [
              106.64927213570371,
              10.981736806376269
            ],
            [
              106.64927194679072,
              10.981736834733054
            ],
            [
              106.64927175692976,
              10.98173685613568
            ],
            [
              106.64927156638636,
              10.981736870554212
            ],
            [
              106.64927120035911,
              10.981736870554212
            ],
            [
              106.64927120035911,
              10.98173615190527
            ],
            [
              106.64927120035911,
              10.9817324688299
            ],
            [
              106.64927085069748,
              10.9817324688299
            ],
            [
              106.64927084643762,
              10.981732506669111
            ],
            [
              106.64927081835698,
              10.98173269224181
            ],
            [
              106.64927078322775,
              10.981732876653998
            ],
            [
              106.64927074109906,
              10.981733059647757
            ],
            [
              106.64927069202984,
              10.981733240967154
            ],
            [
              106.64927063608873,
              10.981733420358598
            ],
            [
              106.64927057335396,
              10.981733597571191
            ],
            [
              106.64927050391324,
              10.981733772357089
            ],
            [
              106.64927042786374,
              10.981733944471836
            ],
            [
              106.64927034531178,
              10.981734113674714
            ],
            [
              106.64927025637284,
              10.981734279729078
            ],
            [
              106.6492701611713,
              10.981734442402686
            ],
            [
              106.64927005984032,
              10.981734601468023
            ],
            [
              106.64926995252159,
              10.981734756702624
            ],
            [
              106.64926983936525,
              10.981734907889377
            ],
            [
              106.64926972052952,
              10.981735054816836
            ],
            [
              106.64926959618062,
              10.981735197279509
            ],
            [
              106.64926946649247,
              10.981735335078147
            ],
            [
              106.64926933164642,
              10.981735468020029
            ],
            [
              106.64926919183111,
              10.98173559591922
            ],
            [
              106.64926904724204,
              10.981735718596846
            ],
            [
              106.64926889808147,
              10.981735835881329
            ],
            [
              106.64926874455799,
              10.981735947608636
            ],
            [
              106.64926858688632,
              10.981736053622505
            ],
            [
              106.64926842528698,
              10.98173615377467
            ],
            [
              106.64926825998597,
              10.981736247925054
            ],
            [
              106.64926809121451,
              10.981736335941983
            ],
            [
              106.64926791920861,
              10.981736417702356
            ],
            [
              106.64926774420886,
              10.981736493091825
            ],
            [
              106.64926756645998,
              10.981736562004949
            ],
            [
              106.6492673862106,
              10.981736624345347
            ],
            [
              106.64926720371281,
              10.981736680025831
            ],
            [
              106.64926701922184,
              10.981736728968526
            ],
            [
              106.6492668329957,
              10.981736771104984
            ],
            [
              106.6492666452949,
              10.981736806376269
            ],
            [
              106.6492664563819,
              10.981736834733054
            ],
            [
              106.64926626652094,
              10.98173685613568
            ],
            [
              106.64926607597755,
              10.981736870554212
            ],
            [
              106.64926570995028,
              10.981736870554212
            ],
            [
              106.64926570995028,
              10.98173615190527
            ],
            [
              106.64926570995028,
              10.9817324688299
            ],
            [
              106.64926540113503,
              10.9817324688299
            ],
            [
              106.64926506438995,
              10.9817324688299
            ],
            [
              106.64926357099876,
              10.9817324688299
            ],
            [
              106.64924435456788,
              10.9817324688299
            ],
            [
              106.64924252443161,
              10.9817324688299
            ],
            [
              106.64923794908833,
              10.981732468829453
            ],
            [
              106.64923794908833,
              10.981736076238322
            ],
            [
              106.64923794908833,
              10.981736390647232
            ],
            [
              106.64924325648352,
              10.981736390647233
            ],
            [
              106.64924325567517,
              10.981736481577844
            ],
            [
              106.6492432532504,
              10.981736572480758
            ],
            [
              106.64924324920992,
              10.981736663328284
            ],
            [
              106.64924324381172,
              10.981736749971702
            ],
            [
              106.64924324355498,
              10.981736754092747
            ],
            [
              106.64924323628728,
              10.981736844746504
            ],
            [
              106.64924322740906,
              10.981736935261935
            ],
            [
              106.649243216923,
              10.981737025611473
            ],
            [
              106.64924320483232,
              10.981737115767594
            ],
            [
              106.64924319114068,
              10.981737205702835
            ],
            [
              106.64924317585226,
              10.981737295389804
            ],
            [
              106.64924315897171,
              10.981737384801178
            ],
            [
              106.6492431405042,
              10.981737473909725
            ],
            [
              106.64924312045532,
              10.981737562688298
            ],
            [
              106.6492430988312,
              10.981737651109858
            ],
            [
              106.64924307563841,
              10.981737739147468
            ],
            [
              106.64924305088402,
              10.98173782677431
            ],
            [
              106.6492430245756,
              10.981737913963697
            ],
            [
              106.64924299672111,
              10.981738000689065
            ],
            [
              106.64924296732907,
              10.981738086923999
            ],
            [
              106.64924293640843,
              10.98173817264223
            ],
            [
              106.6492429039686,
              10.981738257817648
            ],
            [
              106.64924287001946,
              10.98173834242431
            ],
            [
              106.64924283457135,
              10.98173842643644
            ],
            [
              106.6492427976351,
              10.981738509828448
            ],
            [
              106.64924275922192,
              10.981738592574935
            ],
            [
              106.64924271934353,
              10.981738674650693
            ],
            [
              106.64924267801207,
              10.98173875603072
            ],
            [
              106.64924263524014,
              10.98173883669023
            ],
            [
              106.64924259104076,
              10.98173891660465
            ],
            [
              106.64924254542738,
              10.98173899574964
            ],
            [
              106.64924249841394,
              10.98173907410109
            ],
            [
              106.64924245001471,
              10.981739151635134
            ],
            [
              106.64924240024446,
              10.981739228328156
            ],
            [
              106.64924234911835,
              10.981739304156791
            ],
            [
              106.64924229665195,
              10.981739379097943
            ],
            [
              106.64924224286123,
              10.981739453128784
            ],
            [
              106.6492421877626,
              10.981739526226765
            ],
            [
              106.64924213137282,
              10.981739598369616
            ],
            [
              106.64924207370906,
              10.981739669535363
            ],
            [
              106.64924201478892,
              10.98173973970233
            ],
            [
              106.64924195463033,
              10.981739808849145
            ],
            [
              106.6492418932516,
              10.98173987695474
            ],
            [
              106.64924183067144,
              10.981739943998372
            ],
            [
              106.64924176690893,
              10.98174000995962
            ],
            [
              106.64924170198346,
              10.981740074818388
            ],
            [
              106.64924163591482,
              10.981740138554924
            ],
            [
              106.64924156872314,
              10.98174020114981
            ],
            [
              106.64924150042889,
              10.98174026258398
            ],
            [
              106.64924143105286,
              10.981740322838721
            ],
            [
              106.6492413606162,
              10.981740381895678
            ],
            [
              106.64924128914035,
              10.981740439736862
            ],
            [
              106.64924121664708,
              10.981740496344655
            ],
            [
              106.64924114315849,
              10.981740551701812
            ],
            [
              106.64924106869695,
              10.981740605791472
            ],
            [
              106.64924099328515,
              10.981740658597158
            ],
            [
              106.64924091694606,
              10.981740710102784
            ],
            [
              106.64924083970293,
              10.981740760292665
            ],
            [
              106.64924076157928,
              10.981740809151507
            ],
            [
              106.64924068259893,
              10.98174085666443
            ],
            [
              106.64924060278592,
              10.981740902816961
            ],
            [
              106.64924052216458,
              10.981740947595043
            ],
            [
              106.64924044075944,
              10.981740990985033
            ],
            [
              106.64924035859532,
              10.981741032973716
            ],
            [
              106.64924027569724,
              10.9817410735483
            ],
            [
              106.64924019209046,
              10.981741112696428
            ],
            [
              106.64924010780044,
              10.981741150406174
            ],
            [
              106.64924002285284,
              10.981741186666053
            ],
            [
              106.64923993727356,
              10.981741221465017
            ],
            [
              106.64923985108867,
              10.981741254792466
            ],
            [
              106.64923976432439,
              10.98174128663825
            ],
            [
              106.64923967700719,
              10.981741316992668
            ],
            [
              106.64923958916364,
              10.981741345846473
            ],
            [
              106.64923950082051,
              10.981741373190877
            ],
            [
              106.6492394120047,
              10.98174139901755
            ],
            [
              106.64923932274328,
              10.981741423318624
            ],
            [
              106.64923923306343,
              10.981741446086698
            ],
            [
              106.64923914299247,
              10.981741467314835
            ],
            [
              106.64923905255783,
              10.981741486996572
            ],
            [
              106.64923896178708,
              10.98174150512591
            ],
            [
              106.64923887070783,
              10.981741521697328
            ],
            [
              106.64923877934785,
              10.98174153670578
            ],
            [
              106.64923868773498,
              10.981741550146692
            ],
            [
              106.64923859589709,
              10.981741562015971
            ],
            [
              106.6492385038622,
              10.98174157231
            ],
            [
              106.6492384116583,
              10.981741581025645
            ],
            [
              106.6492383193135,
              10.98174158816025
            ],
            [
              106.64923822685593,
              10.981741593711643
            ],
            [
              106.64923813431375,
              10.981741597678132
            ],
            [
              106.64923804171515,
              10.981741600058507
            ],
            [
              106.64923794908833,
              10.981741600852047
            ],
            [
              106.64923794908833,
              10.981741915260958
            ],
            [
              106.64923794908833,
              10.981770197898802
            ]
          ]
        ]
      }
    },
    {
      "type": "Feature",
      "properties": {
        "type": "unclassified_fragment",
        "name": null,
        "area_m2": 10.1
      },
      "geometry": {
        "type": "Polygon",
        "coordinates": [
          [
            [
              106.64927133761933,
              10.981725282340054
            ],
            [
              106.64923566141799,
              10.981725282340054
            ],
            [
              106.64923566141799,
              10.981871707061577
            ],
            [
              106.64923566141799,
              10.981872156217165
            ],
            [
              106.64936514355932,
              10.981872156217165
            ],
            [
              106.64936560109338,
              10.981872156217165
            ],
            [
              106.64936560109338,
              10.981730672207103
            ],
            [
              106.64936560109338,
              10.981725282340054
            ],
            [
              106.6493299825029,
              10.981725282340054
            ],
            [
              106.64931991675341,
              10.981725282340054
            ],
            [
              106.64930419272828,
              10.981725282340054
            ],
            [
              106.64929604304662,
              10.981725282340054
            ],
            [
              106.64928140336883,
              10.981725282340054
            ],
            [
              106.64927133761933,
              10.981725282340054
            ]
          ]
        ]
      }
    },
    {
      "type": "Feature",
      "properties": {
        "type": "unclassified_fragment",
        "name": null,
        "area_m2": 2.13
      },
      "geometry": {
        "type": "Polygon",
        "coordinates": [
          [
            [
              106.64924252443161,
              10.981869910439675
            ],
            [
              106.64924435456788,
              10.981869910439675
            ],
            [
              106.64924435456788,
              10.981871707061577
            ],
            [
              106.64926357099876,
              10.981871707061577
            ],
            [
              106.64926357099876,
              10.981869910439675
            ],
            [
              106.64926540113503,
              10.981869910439675
            ],
            [
              106.64926540113503,
              10.981871707061577
            ],
            [
              106.64928736277031,
              10.981871707061577
            ],
            [
              106.64928736277031,
              10.981869910439675
            ],
            [
              106.64928919290658,
              10.981869910439675
            ],
            [
              106.64928919290658,
              10.981871707061577
            ],
            [
              106.64929854981644,
              10.981871707061577
            ],
            [
              106.64929854981644,
              10.981869910439228
            ],
            [
              106.64923794908833,
              10.981869910439228
            ],
            [
              106.64923794908833,
              10.981865835946774
            ],
            [
              106.64923794908833,
              10.98182993559194
            ],
            [
              106.64923703402019,
              10.98182993559194
            ],
            [
              106.64923611895205,
              10.98182993559194
            ],
            [
              106.64923611895205,
              10.981865835946774
            ],
            [
              106.64923611895205,
              10.981871707061577
            ],
            [
              106.64924252443161,
              10.981871707061577
            ],
            [
              106.64924252443161,
              10.981869910439675
            ]
          ]
        ]
      }
    }
  ]
}